iter	Logloss
0	0.4137249363
1	0.317683162
